<?xml version="1.0" encoding="UTF-8"?>
<annotation>
    <folder>C_72</folder>
    <filename>Image_1747.jpg</filename>
    <path>C:\Users\ngarriga\Documents\WorMe_Article\Examples\C_72\Image_1747.jpg</path>
    <source>
        <database>Unknown</database>
    </source>
    <size>
        <width>1920</width>
        <height>1080</height>
        <depth>3</depth>
    </size>
    <segmented>0</segmented>
    <object>
        <name>Celegans</name>
        <pose>Unspecified</pose>
        <truncated>0</truncated>
        <difficult>0</difficult>
        <bndbox>
            <xmin>927</xmin>
            <ymin>40</ymin>
            <xmax>1184</xmax>
            <ymax>551</ymax>
        </bndbox>
    </object>
</annotation>
