<?xml version="1.0" encoding="UTF-8"?>
<annotation>
    <folder>C_72</folder>
    <filename>Image_1725.jpg</filename>
    <path>C:\Users\ngarriga\Documents\WorMe_Article\Examples\C_72\Image_1725.jpg</path>
    <source>
        <database>Unknown</database>
    </source>
    <size>
        <width>1920</width>
        <height>1080</height>
        <depth>3</depth>
    </size>
    <segmented>0</segmented>
    <object>
        <name>Celegans</name>
        <pose>Unspecified</pose>
        <truncated>0</truncated>
        <difficult>0</difficult>
        <bndbox>
            <xmin>691</xmin>
            <ymin>427</ymin>
            <xmax>1451</xmax>
            <ymax>978</ymax>
        </bndbox>
    </object>
    <object>
        <name>Celegans</name>
        <pose>Unspecified</pose>
        <truncated>0</truncated>
        <difficult>0</difficult>
        <bndbox>
            <xmin>1086</xmin>
            <ymin>251</ymin>
            <xmax>1520</xmax>
            <ymax>997</ymax>
        </bndbox>
    </object>
    <object>
        <name>Celegans</name>
        <pose>Unspecified</pose>
        <truncated>0</truncated>
        <difficult>0</difficult>
        <bndbox>
            <xmin>695</xmin>
            <ymin>6</ymin>
            <xmax>961</xmax>
            <ymax>644</ymax>
        </bndbox>
    </object>
</annotation>
