<?xml version="1.0" encoding="UTF-8"?>
<annotation>
    <folder>C_72</folder>
    <filename>Image_1749.jpg</filename>
    <path>C:\Users\ngarriga\Documents\WorMe_Article\Examples\C_72\Image_1749.jpg</path>
    <source>
        <database>Unknown</database>
    </source>
    <size>
        <width>1920</width>
        <height>1080</height>
        <depth>3</depth>
    </size>
    <segmented>0</segmented>
    <object>
        <name>Celegans</name>
        <pose>Unspecified</pose>
        <truncated>0</truncated>
        <difficult>0</difficult>
        <bndbox>
            <xmin>336</xmin>
            <ymin>113</ymin>
            <xmax>951</xmax>
            <ymax>609</ymax>
        </bndbox>
    </object>
    <object>
        <name>Celegans</name>
        <pose>Unspecified</pose>
        <truncated>0</truncated>
        <difficult>0</difficult>
        <bndbox>
            <xmin>897</xmin>
            <ymin>164</ymin>
            <xmax>1435</xmax>
            <ymax>436</ymax>
        </bndbox>
    </object>
    <object>
        <name>Celegans</name>
        <pose>Unspecified</pose>
        <truncated>0</truncated>
        <difficult>0</difficult>
        <bndbox>
            <xmin>988</xmin>
            <ymin>659</ymin>
            <xmax>1375</xmax>
            <ymax>978</ymax>
        </bndbox>
    </object>
</annotation>
