<?xml version="1.0" encoding="UTF-8"?>
<annotation>
    <folder>C_72</folder>
    <filename>Image_1734.jpg</filename>
    <path>C:\Users\ngarriga\Documents\WorMe_Article\Examples\C_72\Image_1734.jpg</path>
    <source>
        <database>Unknown</database>
    </source>
    <size>
        <width>1920</width>
        <height>1080</height>
        <depth>3</depth>
    </size>
    <segmented>0</segmented>
    <object>
        <name>Celegans</name>
        <pose>Unspecified</pose>
        <truncated>0</truncated>
        <difficult>0</difficult>
        <bndbox>
            <xmin>355</xmin>
            <ymin>628</ymin>
            <xmax>1025</xmax>
            <ymax>980</ymax>
        </bndbox>
    </object>
    <object>
        <name>Celegans</name>
        <pose>Unspecified</pose>
        <truncated>0</truncated>
        <difficult>0</difficult>
        <bndbox>
            <xmin>392</xmin>
            <ymin>187</ymin>
            <xmax>783</xmax>
            <ymax>453</ymax>
        </bndbox>
    </object>
    <object>
        <name>Celegans</name>
        <pose>Unspecified</pose>
        <truncated>0</truncated>
        <difficult>0</difficult>
        <bndbox>
            <xmin>949</xmin>
            <ymin>353</ymin>
            <xmax>1228</xmax>
            <ymax>791</ymax>
        </bndbox>
    </object>
    <object>
        <name>NonCelegans</name>
        <pose>Unspecified</pose>
        <truncated>0</truncated>
        <difficult>0</difficult>
        <bndbox>
            <xmin>1566</xmin>
            <ymin>198</ymin>
            <xmax>1920</xmax>
            <ymax>369</ymax>
        </bndbox>
    </object>
</annotation>
