<?xml version="1.0" encoding="UTF-8"?>
<annotation>
    <folder>C_72</folder>
    <filename>Image_1724.jpg</filename>
    <path>C:\Users\ngarriga\Documents\WorMe_Article\Examples\C_72\Image_1724.jpg</path>
    <source>
        <database>Unknown</database>
    </source>
    <size>
        <width>1920</width>
        <height>1080</height>
        <depth>3</depth>
    </size>
    <segmented>0</segmented>
    <object>
        <name>Celegans</name>
        <pose>Unspecified</pose>
        <truncated>0</truncated>
        <difficult>0</difficult>
        <bndbox>
            <xmin>1179</xmin>
            <ymin>77</ymin>
            <xmax>1664</xmax>
            <ymax>343</ymax>
        </bndbox>
    </object>
    <object>
        <name>NonCelegans</name>
        <pose>Unspecified</pose>
        <truncated>0</truncated>
        <difficult>0</difficult>
        <bndbox>
            <xmin>1589</xmin>
            <ymin>311</ymin>
            <xmax>1679</xmax>
            <ymax>388</ymax>
        </bndbox>
    </object>
    <object>
        <name>Celegans</name>
        <pose>Unspecified</pose>
        <truncated>0</truncated>
        <difficult>0</difficult>
        <bndbox>
            <xmin>215</xmin>
            <ymin>527</ymin>
            <xmax>702</xmax>
            <ymax>894</ymax>
        </bndbox>
    </object>
    <object>
        <name>Celegans</name>
        <pose>Unspecified</pose>
        <truncated>0</truncated>
        <difficult>0</difficult>
        <bndbox>
            <xmin>816</xmin>
            <ymin>322</ymin>
            <xmax>1217</xmax>
            <ymax>601</ymax>
        </bndbox>
    </object>
    <object>
        <name>NonCelegans</name>
        <pose>Unspecified</pose>
        <truncated>0</truncated>
        <difficult>0</difficult>
        <bndbox>
            <xmin>1477</xmin>
            <ymin>403</ymin>
            <xmax>1832</xmax>
            <ymax>747</ymax>
        </bndbox>
    </object>
</annotation>
