<?xml version="1.0" encoding="UTF-8"?>
<annotation>
    <folder>C_24</folder>
    <filename>Image_839.jpg</filename>
    <path>C:\Users\ngarriga\Documents\WorMe_Article\Examples\C_24\Image_839.jpg</path>
    <source>
        <database>Unknown</database>
    </source>
    <size>
        <width>1920</width>
        <height>1080</height>
        <depth>3</depth>
    </size>
    <segmented>0</segmented>
    <object>
        <name>NonCelegans</name>
        <pose>Unspecified</pose>
        <truncated>0</truncated>
        <difficult>0</difficult>
        <bndbox>
            <xmin>371</xmin>
            <ymin>275</ymin>
            <xmax>412</xmax>
            <ymax>314</ymax>
        </bndbox>
    </object>
    <object>
        <name>Celegans</name>
        <pose>Unspecified</pose>
        <truncated>0</truncated>
        <difficult>0</difficult>
        <bndbox>
            <xmin>370</xmin>
            <ymin>75</ymin>
            <xmax>440</xmax>
            <ymax>318</ymax>
        </bndbox>
    </object>
    <object>
        <name>NonCelegans</name>
        <pose>Unspecified</pose>
        <truncated>0</truncated>
        <difficult>0</difficult>
        <bndbox>
            <xmin>413</xmin>
            <ymin>276</ymin>
            <xmax>415</xmax>
            <ymax>279</ymax>
        </bndbox>
    </object>
    <object>
        <name>Celegans</name>
        <pose>Unspecified</pose>
        <truncated>0</truncated>
        <difficult>0</difficult>
        <bndbox>
            <xmin>671</xmin>
            <ymin>699</ymin>
            <xmax>781</xmax>
            <ymax>890</ymax>
        </bndbox>
    </object>
</annotation>
