<?xml version="1.0" encoding="UTF-8"?>
<annotation>
    <folder>C_24</folder>
    <filename>Image_854.jpg</filename>
    <path>C:\Users\ngarriga\Documents\WorMe_Article\Examples\C_24\Image_854.jpg</path>
    <source>
        <database>Unknown</database>
    </source>
    <size>
        <width>1920</width>
        <height>1080</height>
        <depth>3</depth>
    </size>
    <segmented>0</segmented>
    <object>
        <name>NonCelegans</name>
        <pose>Unspecified</pose>
        <truncated>0</truncated>
        <difficult>0</difficult>
        <bndbox>
            <xmin>541</xmin>
            <ymin>800</ymin>
            <xmax>716</xmax>
            <ymax>963</ymax>
        </bndbox>
    </object>
    <object>
        <name>Celegans</name>
        <pose>Unspecified</pose>
        <truncated>0</truncated>
        <difficult>0</difficult>
        <bndbox>
            <xmin>997</xmin>
            <ymin>253</ymin>
            <xmax>1291</xmax>
            <ymax>455</ymax>
        </bndbox>
    </object>
    <object>
        <name>Celegans</name>
        <pose>Unspecified</pose>
        <truncated>0</truncated>
        <difficult>0</difficult>
        <bndbox>
            <xmin>1004</xmin>
            <ymin>571</ymin>
            <xmax>1210</xmax>
            <ymax>680</ymax>
        </bndbox>
    </object>
</annotation>
