<?xml version="1.0" encoding="UTF-8"?>
<annotation>
    <folder>C_48</folder>
    <filename>Image_978.jpg</filename>
    <path>C:\Users\ngarriga\Documents\WorMe_Article\Examples\C_48\Image_978.jpg</path>
    <source>
        <database>Unknown</database>
    </source>
    <size>
        <width>1920</width>
        <height>1080</height>
        <depth>3</depth>
    </size>
    <segmented>0</segmented>
    <object>
        <name>NonCelegans</name>
        <pose>Unspecified</pose>
        <truncated>0</truncated>
        <difficult>0</difficult>
        <bndbox>
            <xmin>0</xmin>
            <ymin>856</ymin>
            <xmax>389</xmax>
            <ymax>1080</ymax>
        </bndbox>
    </object>
    <object>
        <name>Celegans</name>
        <pose>Unspecified</pose>
        <truncated>0</truncated>
        <difficult>0</difficult>
        <bndbox>
            <xmin>734</xmin>
            <ymin>100</ymin>
            <xmax>1279</xmax>
            <ymax>265</ymax>
        </bndbox>
    </object>
</annotation>
