<?xml version="1.0" encoding="UTF-8"?>
<annotation>
    <folder>C_48</folder>
    <filename>Image_971.jpg</filename>
    <path>C:\Users\ngarriga\Documents\WorMe_Article\Examples\C_48\Image_971.jpg</path>
    <source>
        <database>Unknown</database>
    </source>
    <size>
        <width>1920</width>
        <height>1080</height>
        <depth>3</depth>
    </size>
    <segmented>0</segmented>
    <object>
        <name>NonCelegans</name>
        <pose>Unspecified</pose>
        <truncated>0</truncated>
        <difficult>0</difficult>
        <bndbox>
            <xmin>65</xmin>
            <ymin>487</ymin>
            <xmax>387</xmax>
            <ymax>710</ymax>
        </bndbox>
    </object>
    <object>
        <name>Celegans</name>
        <pose>Unspecified</pose>
        <truncated>0</truncated>
        <difficult>0</difficult>
        <bndbox>
            <xmin>265</xmin>
            <ymin>737</ymin>
            <xmax>437</xmax>
            <ymax>992</ymax>
        </bndbox>
    </object>
    <object>
        <name>Celegans</name>
        <pose>Unspecified</pose>
        <truncated>0</truncated>
        <difficult>0</difficult>
        <bndbox>
            <xmin>1121</xmin>
            <ymin>578</ymin>
            <xmax>1538</xmax>
            <ymax>806</ymax>
        </bndbox>
    </object>
</annotation>
