<?xml version="1.0" encoding="UTF-8"?>
<annotation>
    <folder>C_48</folder>
    <filename>Image_969.jpg</filename>
    <path>C:\Users\ngarriga\Documents\WorMe_Article\Examples\C_48\Image_969.jpg</path>
    <source>
        <database>Unknown</database>
    </source>
    <size>
        <width>1920</width>
        <height>1080</height>
        <depth>3</depth>
    </size>
    <segmented>0</segmented>
    <object>
        <name>Celegans</name>
        <pose>Unspecified</pose>
        <truncated>0</truncated>
        <difficult>0</difficult>
        <bndbox>
            <xmin>445</xmin>
            <ymin>423</ymin>
            <xmax>676</xmax>
            <ymax>1067</ymax>
        </bndbox>
    </object>
    <object>
        <name>Celegans</name>
        <pose>Unspecified</pose>
        <truncated>0</truncated>
        <difficult>0</difficult>
        <bndbox>
            <xmin>1174</xmin>
            <ymin>22</ymin>
            <xmax>1414</xmax>
            <ymax>574</ymax>
        </bndbox>
    </object>
</annotation>
