<?xml version="1.0" encoding="UTF-8"?>
<annotation>
    <folder>C_48</folder>
    <filename>Image_982.jpg</filename>
    <path>C:\Users\ngarriga\Documents\WorMe_Article\Examples\C_48\Image_982.jpg</path>
    <source>
        <database>Unknown</database>
    </source>
    <size>
        <width>1920</width>
        <height>1080</height>
        <depth>3</depth>
    </size>
    <segmented>0</segmented>
    <object>
        <name>Celegans</name>
        <pose>Unspecified</pose>
        <truncated>0</truncated>
        <difficult>0</difficult>
        <bndbox>
            <xmin>360</xmin>
            <ymin>539</ymin>
            <xmax>966</xmax>
            <ymax>621</ymax>
        </bndbox>
    </object>
    <object>
        <name>Celegans</name>
        <pose>Unspecified</pose>
        <truncated>0</truncated>
        <difficult>0</difficult>
        <bndbox>
            <xmin>934</xmin>
            <ymin>154</ymin>
            <xmax>1144</xmax>
            <ymax>760</ymax>
        </bndbox>
    </object>
    <object>
        <name>Celegans</name>
        <pose>Unspecified</pose>
        <truncated>0</truncated>
        <difficult>0</difficult>
        <bndbox>
            <xmin>952</xmin>
            <ymin>718</ymin>
            <xmax>1591</xmax>
            <ymax>903</ymax>
        </bndbox>
    </object>
</annotation>
