<?xml version="1.0" encoding="UTF-8"?>
<annotation>
    <folder>C_48</folder>
    <filename>Image_976.jpg</filename>
    <path>C:\Users\ngarriga\Documents\WorMe_Article\Examples\C_48\Image_976.jpg</path>
    <source>
        <database>Unknown</database>
    </source>
    <size>
        <width>1920</width>
        <height>1080</height>
        <depth>3</depth>
    </size>
    <segmented>0</segmented>
    <object>
        <name>Celegans</name>
        <pose>Unspecified</pose>
        <truncated>0</truncated>
        <difficult>0</difficult>
        <bndbox>
            <xmin>286</xmin>
            <ymin>38</ymin>
            <xmax>552</xmax>
            <ymax>508</ymax>
        </bndbox>
    </object>
    <object>
        <name>Celegans</name>
        <pose>Unspecified</pose>
        <truncated>0</truncated>
        <difficult>0</difficult>
        <bndbox>
            <xmin>1281</xmin>
            <ymin>282</ymin>
            <xmax>1778</xmax>
            <ymax>673</ymax>
        </bndbox>
    </object>
    <object>
        <name>Celegans</name>
        <pose>Unspecified</pose>
        <truncated>0</truncated>
        <difficult>0</difficult>
        <bndbox>
            <xmin>1354</xmin>
            <ymin>462</ymin>
            <xmax>1780</xmax>
            <ymax>712</ymax>
        </bndbox>
    </object>
</annotation>
