<?xml version="1.0" encoding="UTF-8"?>
<annotation>
    <folder>C_24</folder>
    <filename>Image_829.jpg</filename>
    <path>C:\Users\ngarriga\Documents\WorMe_Article\Examples\C_24\Image_829.jpg</path>
    <source>
        <database>Unknown</database>
    </source>
    <size>
        <width>1920</width>
        <height>1080</height>
        <depth>3</depth>
    </size>
    <segmented>0</segmented>
    <object>
        <name>Celegans</name>
        <pose>Unspecified</pose>
        <truncated>0</truncated>
        <difficult>0</difficult>
        <bndbox>
            <xmin>198</xmin>
            <ymin>424</ymin>
            <xmax>466</xmax>
            <ymax>571</ymax>
        </bndbox>
    </object>
    <object>
        <name>Celegans</name>
        <pose>Unspecified</pose>
        <truncated>0</truncated>
        <difficult>0</difficult>
        <bndbox>
            <xmin>1364</xmin>
            <ymin>705</ymin>
            <xmax>1553</xmax>
            <ymax>1005</ymax>
        </bndbox>
    </object>
    <object>
        <name>Celegans</name>
        <pose>Unspecified</pose>
        <truncated>0</truncated>
        <difficult>0</difficult>
        <bndbox>
            <xmin>1520</xmin>
            <ymin>344</ymin>
            <xmax>1788</xmax>
            <ymax>487</ymax>
        </bndbox>
    </object>
    <object>
        <name>Celegans</name>
        <pose>Unspecified</pose>
        <truncated>0</truncated>
        <difficult>0</difficult>
        <bndbox>
            <xmin>1616</xmin>
            <ymin>8</ymin>
            <xmax>1794</xmax>
            <ymax>184</ymax>
        </bndbox>
    </object>
</annotation>
