<?xml version="1.0" encoding="UTF-8"?>
<annotation>
    <folder>C_24</folder>
    <filename>Image_843.jpg</filename>
    <path>C:\Users\ngarriga\Documents\WorMe_Article\Examples\C_24\Image_843.jpg</path>
    <source>
        <database>Unknown</database>
    </source>
    <size>
        <width>1920</width>
        <height>1080</height>
        <depth>3</depth>
    </size>
    <segmented>0</segmented>
    <object>
        <name>Celegans</name>
        <pose>Unspecified</pose>
        <truncated>0</truncated>
        <difficult>0</difficult>
        <bndbox>
            <xmin>317</xmin>
            <ymin>535</ymin>
            <xmax>607</xmax>
            <ymax>617</ymax>
        </bndbox>
    </object>
    <object>
        <name>Celegans</name>
        <pose>Unspecified</pose>
        <truncated>0</truncated>
        <difficult>0</difficult>
        <bndbox>
            <xmin>1369</xmin>
            <ymin>523</ymin>
            <xmax>1479</xmax>
            <ymax>784</ymax>
        </bndbox>
    </object>
</annotation>
