<?xml version="1.0" encoding="UTF-8"?>
<annotation>
    <folder>C_24</folder>
    <filename>Image_852.jpg</filename>
    <path>C:\Users\ngarriga\Documents\WorMe_Article\Examples\C_24\Image_852.jpg</path>
    <source>
        <database>Unknown</database>
    </source>
    <size>
        <width>1920</width>
        <height>1080</height>
        <depth>3</depth>
    </size>
    <segmented>0</segmented>
    <object>
        <name>Celegans</name>
        <pose>Unspecified</pose>
        <truncated>0</truncated>
        <difficult>0</difficult>
        <bndbox>
            <xmin>527</xmin>
            <ymin>317</ymin>
            <xmax>841</xmax>
            <ymax>379</ymax>
        </bndbox>
    </object>
</annotation>
